{"cameraMode":{"drawMode":0,"name":"Shaded","section":"Shading Mode"},"sceneLighting":false,"audioPlay":false,"sceneViewState":{"showFog":true,"showMaterialUpdate":false,"showSkybox":false,"showFlares":true,"showImageEffects":true,"showParticleSystems":true},"in2DMode":false,"pivot":{"x":-0.20000025629997254,"y":-7.010000705718994,"z":5.0},"rotation":{"x":-0.05128718167543411,"y":0.002094579627737403,"z":-0.00011024162085959688,"w":-0.9986881613731384},"size":1.7320505380630494,"orthographic":false}